{
  "input_signal": [
    1,
    -1,
    1,
    -1,
    1,
    -1,
    1,
    -1,
    1,
    -1,
    1,
    -1
  ],
  "output_signal": [
    0.13304521143436432,
    -0.055427853018045425,
    0.13304521143436432,
    -0.055427853018045425,
    0.13304521143436432,
    -0.055427853018045425,
    0.13304521143436432,
    -0.055427853018045425,
    0.13304521143436432,
    -0.055427853018045425,
    0.13304521143436432,
    -0.055427853018045425
  ],
  "fft_input": [
    0.0,
    0.0,
    0.0,
    0.0,
    0.0,
    0.0,
    12.0
  ],
  "fft_output": [
    0.46570415049791336,
    0.0,
    0.0,
    0.0,
    0.0,
    0.0,
    1.1308383867144585
  ],
  "input_peak_freq": 6,
  "output_peak_freq": 6,
  "is_dtc": false,
  "period_ratio": 0.9999999998,
  "input_signal_3": [
    1,
    1,
    -1,
    1,
    1,
    -1,
    1,
    1,
    -1,
    1,
    1,
    -1,
    1,
    1,
    -1,
    1,
    1,
    -1
  ],
  "output_signal_3": [
    0.13304521143436432,
    0.13304521143436432,
    -0.055427853018045425,
    0.13304521143436432,
    0.13304521143436432,
    -0.055427853018045425,
    0.13304521143436432,
    0.13304521143436432,
    -0.055427853018045425,
    0.13304521143436432,
    0.13304521143436432,
    -0.055427853018045425,
    0.13304521143436432,
    0.13304521143436432,
    -0.055427853018045425,
    0.13304521143436432,
    0.13304521143436432,
    -0.055427853018045425
  ],
  "fft_in3": [
    6.0,
    0.0,
    0.0,
    0.0,
    0.0,
    0.0,
    12.0,
    0.0,
    0.0,
    0.0
  ],
  "fft_out3": [
    1.2639754191040993,
    0.0,
    0.0,
    0.0,
    0.0,
    0.0,
    1.1308383867144585,
    0.0,
    0.0,
    0.0
  ],
  "freqs": [
    0.0,
    0.08333333333333333,
    0.16666666666666666,
    0.25,
    0.3333333333333333,
    0.41666666666666663,
    0.5
  ],
  "phase": "Q107",
  "name": "Discrete Time Crystal",
  "elapsed": 3.783313274383545
}