{
  "phase": "Q193",
  "name": "Quantum Phase Transition Detection",
  "model": "Transverse-field Ising (4 sites)",
  "h_values": [
    0.1,
    0.253,
    0.405,
    0.558,
    0.711,
    0.863,
    1.016,
    1.168,
    1.321,
    1.474,
    1.626,
    1.779,
    1.932,
    2.084,
    2.237,
    2.389,
    2.542,
    2.695,
    2.847,
    3.0
  ],
  "exact": {
    "energies": [
      -3.015112,
      -3.100044,
      -3.271662,
      -3.54049,
      -3.900333,
      -4.330733,
      -4.810113,
      -5.32245,
      -5.857232,
      -6.407734,
      -6.969587,
      -7.539872,
      -8.116581,
      -8.698293,
      -9.283974,
      -9.872857,
      -10.46436,
      -11.058034,
      -11.653528,
      -12.250561
    ],
    "zz_correlation": [
      0.9937,
      0.957,
      0.8822,
      0.7762,
      0.6639,
      0.5659,
      0.4876,
      0.4262,
      0.3779,
      0.3391,
      0.3074,
      0.2811,
      0.2589,
      0.2399,
      0.2236,
      0.2093,
      0.1967,
      0.1856,
      0.1756,
      0.1667
    ],
    "magnetization": [
      0.0,
      -0.0,
      -0.0,
      -0.0,
      0.0,
      -0.0,
      -0.0,
      0.0,
      -0.0,
      -0.0,
      -0.0,
      -0.0,
      0.0,
      -0.0,
      0.0,
      0.0,
      0.0,
      -0.0,
      -0.0,
      -0.0
    ],
    "entropy": [
      0.693,
      0.6854,
      0.647,
      0.5626,
      0.4544,
      0.3552,
      0.2779,
      0.221,
      0.1794,
      0.1485,
      0.1251,
      0.107,
      0.0926,
      0.0811,
      0.0717,
      0.064,
      0.0574,
      0.0519,
      0.0472,
      0.0431
    ],
    "critical_point": 0.56
  },
  "vqe": {
    "energies": [
      -3.014988,
      -3.099063,
      -3.270756,
      -3.54049,
      -3.90023,
      -4.330728,
      -4.810113,
      -5.32245,
      -5.857233,
      -6.407733,
      -6.969588,
      -7.539871,
      -8.116581,
      -8.698293,
      -9.281382,
      -9.872856,
      -10.46436,
      -11.058035,
      -11.653528,
      -12.250559
    ],
    "zz_correlation": [
      0.9938,
      0.9578,
      0.8824,
      0.7763,
      0.6618,
      0.5656,
      0.4876,
      0.4263,
      0.3779,
      0.3391,
      0.3074,
      0.2811,
      0.2589,
      0.2399,
      0.2235,
      0.2093,
      0.1967,
      0.1856,
      0.1756,
      0.1667
    ],
    "entropy": [
      0.0798,
      0.4424,
      0.6084,
      0.5626,
      0.4516,
      0.3552,
      0.2779,
      0.221,
      0.1794,
      0.1485,
      0.1251,
      0.107,
      0.0927,
      0.0811,
      0.072,
      0.064,
      0.0574,
      0.0519,
      0.0471,
      0.0431
    ],
    "critical_point": 0.56,
    "errors_mHa": [
      0.12,
      0.98,
      0.91,
      0.0,
      0.1,
      0.01,
      0.0,
      0.0,
      0.0,
      0.0,
      0.0,
      0.0,
      0.0,
      0.0,
      2.59,
      0.0,
      0.0,
      0.0,
      0.0,
      0.0
    ]
  },
  "summary": {
    "critical_error": 0.442,
    "entropy_peak_error": 0.595,
    "avg_vqe_error_mHa": 0.24,
    "chem_accuracy_pct": 95.0,
    "verdict": "PARTIAL: critical point at h/J=0.56 (error=0.44)"
  },
  "elapsed": 414.81
}