{
  "phase": "Q99",
  "name": "Integrated Information (Phi)",
  "max_phi": 103.08008549483115,
  "max_phi_layer": 18,
  "consciousness_level": "HIGH",
  "phi_data": {
    "0": {
      "mean_phi": -2.860310113495635,
      "std_phi": 0.1541654139392991
    },
    "2": {
      "mean_phi": 101.97503086692706,
      "std_phi": 19.740899803069173
    },
    "4": {
      "mean_phi": 73.78091786962,
      "std_phi": 1.4201567137916715
    },
    "6": {
      "mean_phi": 65.50924298973437,
      "std_phi": 10.477751820998256
    },
    "8": {
      "mean_phi": 73.69276596365359,
      "std_phi": 18.587696951588956
    },
    "10": {
      "mean_phi": 65.87725003947621,
      "std_phi": 28.665562588041915
    },
    "12": {
      "mean_phi": 75.06409198539424,
      "std_phi": 19.56756466382044
    },
    "14": {
      "mean_phi": 73.96331014059183,
      "std_phi": 30.271931498417427
    },
    "16": {
      "mean_phi": 82.01119223934116,
      "std_phi": 21.849546897351384
    },
    "18": {
      "mean_phi": 103.08008549483115,
      "std_phi": 27.207521169726647
    },
    "20": {
      "mean_phi": 74.15926823597485,
      "std_phi": 17.525913036710705
    },
    "22": {
      "mean_phi": 68.44142033223115,
      "std_phi": 28.659312493280495
    },
    "24": {
      "mean_phi": 60.16434335928298,
      "std_phi": 11.622480333911392
    },
    "26": {
      "mean_phi": 1.1793661030002578,
      "std_phi": 0.24042619621487013
    }
  },
  "elapsed": 31.03183674812317
}