{
  "phase": "Q177",
  "name": "Barren Plateau Immunity",
  "by_dimension": [
    {
      "qubits": 2,
      "dim": 4,
      "status": "completed",
      "avg_grad_norm": 22.21214428,
      "std_grad_norm": 112.37322318,
      "avg_final_error_mHa": 159.53,
      "n_seeds": 5,
      "n_steps": 30,
      "convergence_example": [
        0.038837,
        -0.342532,
        -0.784,
        -0.765237,
        -0.894763,
        -0.223039,
        0.230378,
        -0.115213,
        -0.690543,
        -0.783082,
        -0.891415,
        -0.941182,
        -0.927926,
        -0.91727,
        -0.926083,
        -0.944555,
        -0.959851,
        -0.965272,
        -0.961942,
        -0.955168,
        -0.949868,
        -0.9484,
        -0.950655,
        -0.955104,
        -0.959866,
        -0.963501,
        -0.965395,
        -0.965739,
        -0.965217,
        -0.964612
      ]
    },
    {
      "qubits": 3,
      "dim": 8,
      "status": "completed",
      "avg_grad_norm": 14.17259118,
      "std_grad_norm": 45.99969782,
      "avg_final_error_mHa": 33.07,
      "n_seeds": 5,
      "n_steps": 30,
      "convergence_example": [
        0.699691,
        0.412342,
        0.572976,
        -0.083275,
        -0.119316,
        -0.265176,
        -0.315629,
        -0.387373,
        -0.464045,
        -0.525295,
        -0.573399,
        -0.619725,
        -0.663876,
        -0.70144,
        -0.734956,
        -0.762213,
        -0.783416,
        -0.801269,
        -0.81566,
        -0.8279,
        -0.839021,
        -0.848334,
        -0.855769,
        -0.862274,
        -0.868507,
        -0.874348,
        -0.879328,
        -0.883219,
        -0.88627,
        -0.888938
      ]
    },
    {
      "qubits": 4,
      "dim": 16,
      "status": "completed",
      "avg_grad_norm": 10.61884047,
      "std_grad_norm": 34.10625978,
      "avg_final_error_mHa": 281.37,
      "n_seeds": 5,
      "n_steps": 30,
      "convergence_example": [
        0.083439,
        -0.159287,
        -0.225162,
        -0.390044,
        -0.513838,
        -0.62125,
        -0.735462,
        -0.757038,
        -0.793494,
        -0.841859,
        -0.889706,
        -0.929662,
        -0.947036,
        -0.955163,
        -0.963991,
        -0.972521,
        -0.979222,
        -0.984999,
        -0.990068,
        -0.992958,
        -0.993101,
        -0.992861,
        -0.993705,
        -0.994277,
        -0.994492,
        -0.995624,
        -0.997312,
        -0.99826,
        -0.998851,
        -0.999722
      ]
    },
    {
      "qubits": 5,
      "dim": 32,
      "status": "completed",
      "avg_grad_norm": 6.04601987,
      "std_grad_norm": 13.50772963,
      "avg_final_error_mHa": 325.29,
      "n_seeds": 5,
      "n_steps": 30,
      "convergence_example": [
        0.334945,
        -0.240146,
        -0.356785,
        -0.514037,
        -0.577121,
        -0.636371,
        -0.738902,
        -0.752465,
        -0.801892,
        -0.847736,
        -0.880911,
        -0.916366,
        -0.95415,
        -0.988001,
        -1.016902,
        -1.045981,
        -1.076137,
        -1.103217,
        -1.121861,
        -1.135969,
        -1.151944,
        -1.16983,
        -1.185242,
        -1.196324,
        -1.205842,
        -1.215854,
        -1.22493,
        -1.231942,
        -1.237545,
        -1.242964
      ]
    },
    {
      "qubits": 6,
      "dim": 64,
      "status": "completed",
      "avg_grad_norm": 5.62982056,
      "std_grad_norm": 14.57462077,
      "avg_final_error_mHa": 282.93,
      "n_seeds": 5,
      "n_steps": 30,
      "convergence_example": [
        0.063611,
        0.208638,
        0.061129,
        -0.057028,
        -0.185275,
        -0.332486,
        -0.449017,
        -0.515615,
        -0.278024,
        -0.326564,
        -0.372848,
        -0.449328,
        -0.525531,
        -0.594291,
        -0.654362,
        -0.70742,
        -0.754941,
        -0.797122,
        -0.833627,
        -0.864594,
        -0.890672,
        -0.912518,
        -0.930785,
        -0.946642,
        -0.961718,
        -0.977227,
        -0.993294,
        -1.009355,
        -1.024986,
        -1.040022
      ]
    },
    {
      "qubits": 7,
      "dim": 128,
      "status": "completed",
      "avg_grad_norm": 4.63860672,
      "std_grad_norm": 7.25440301,
      "avg_final_error_mHa": 354.01,
      "n_seeds": 5,
      "n_steps": 30,
      "convergence_example": [
        -0.109001,
        -0.096437,
        -0.114594,
        -0.207251,
        -0.313645,
        -0.396007,
        -0.474248,
        -0.426852,
        -0.525554,
        -0.567688,
        -0.60578,
        -0.639932,
        -0.671746,
        -0.700676,
        -0.726949,
        -0.754785,
        -0.775489,
        -0.798292,
        -0.823454,
        -0.842148,
        -0.861802,
        -0.875822,
        -0.894391,
        -0.909424,
        -0.925739,
        -0.937639,
        -0.951466,
        -0.964014,
        -0.977384,
        -0.988382
      ]
    },
    {
      "qubits": 8,
      "dim": 256,
      "status": "completed",
      "avg_grad_norm": 3.40707002,
      "std_grad_norm": 5.58534243,
      "avg_final_error_mHa": 592.21,
      "n_seeds": 5,
      "n_steps": 30,
      "convergence_example": [
        -0.076594,
        -0.104755,
        -0.065639,
        -0.201109,
        -0.231464,
        -0.273323,
        -0.321985,
        -0.371737,
        -0.405905,
        -0.451443,
        -0.452665,
        -0.482872,
        -0.495696,
        -0.518961,
        -0.545555,
        -0.571743,
        -0.596304,
        -0.61667,
        -0.629865,
        -0.64392,
        -0.66208,
        -0.678277,
        -0.691058,
        -0.70439,
        -0.717468,
        -0.727769,
        -0.737514,
        -0.749609,
        -0.760651,
        -0.771197
      ]
    }
  ],
  "analysis": {
    "gradient_scaling_exponent": -0.4376,
    "immune": true,
    "verdict": "BARREN PLATEAU IMMUNE (gradients stay healthy)"
  },
  "elapsed": 120.25
}