{
  "phase": "CQ2",
  "name": "bloch_sphere_viz",
  "standard_bloch_vectors": {
    "|MIN>=|0>": [
      0.0,
      0.0,
      1.0
    ],
    "|MAX>=|1>": [
      0.0,
      0.0,
      -1.0
    ],
    "|+>=(|0>+|1>)/sqrt2": [
      0.9999999999999998,
      0.0,
      0.0
    ],
    "|->=(|0>-|1>)/sqrt2": [
      -0.9999999999999998,
      -0.0,
      0.0
    ],
    "|+i>=(|0>+i|1>)/sqrt2": [
      0.0,
      -0.9999999999999998,
      0.0
    ],
    "|-i>=(|0>-i|1>)/sqrt2": [
      0.0,
      0.9999999999999998,
      0.0
    ]
  },
  "gate_outputs": {
    "H": [
      0.9999999999999998,
      0.0,
      0.0
    ],
    "X": [
      0.0,
      0.0,
      -1.0
    ],
    "Y": [
      0.0,
      0.0,
      -1.0
    ],
    "Z": [
      0.0,
      0.0,
      1.0
    ],
    "S": [
      0.0,
      0.0,
      1.0
    ],
    "T": [
      0.0,
      0.0,
      1.0
    ]
  },
  "decoherence_path": [
    [
      0.0,
      [
        0.0,
        0.0,
        0.0
      ]
    ],
    [
      0.1,
      [
        0.0,
        0.0,
        0.1
      ]
    ],
    [
      0.2,
      [
        0.0,
        0.0,
        0.2
      ]
    ],
    [
      0.30000000000000004,
      [
        0.0,
        0.0,
        0.30000000000000004
      ]
    ],
    [
      0.4,
      [
        0.0,
        0.0,
        0.4
      ]
    ],
    [
      0.5,
      [
        0.0,
        0.0,
        0.5
      ]
    ],
    [
      0.6000000000000001,
      [
        0.0,
        0.0,
        0.6000000000000001
      ]
    ],
    [
      0.7000000000000001,
      [
        0.0,
        0.0,
        0.7000000000000001
      ]
    ],
    [
      0.8,
      [
        0.0,
        0.0,
        0.8
      ]
    ],
    [
      0.9,
      [
        0.0,
        0.0,
        0.9
      ]
    ],
    [
      1.0,
      [
        0.0,
        0.0,
        1.0
      ]
    ]
  ],
  "elapsed": 1.1
}