{
  "phase": "Q92",
  "name": "AdS/CFT Holographic Correspondence",
  "bulk_entropies": {
    "0": 3.2949106693267822,
    "2": 0.002937807934358716,
    "4": 0.003294614376500249,
    "6": 0.003313594963401556,
    "8": 0.0036336039192974567,
    "10": 0.003981485031545162,
    "12": 0.003939734771847725,
    "14": 0.004199862480163574,
    "16": 0.004357369150966406,
    "18": 0.004894569516181946,
    "20": 0.006459898315370083,
    "22": 0.010695199482142925,
    "24": 0.01996520906686783,
    "26": 1.7383304834365845
  },
  "boundary_entropy": 0.8526091376495175,
  "rt_results": {
    "rt_ratio": 0.25876547900397145,
    "max_bulk_entropy": 3.2949106693267822,
    "boundary_entropy": 0.8526091376495175,
    "mid_peak": false,
    "is_holographic": true
  },
  "elapsed": 11.896294116973877
}