{
  "phase": "Q5",
  "name": "entanglement_probe",
  "layer_a": 8,
  "layer_b": 16,
  "schmidt_rank": {
    "task": 1,
    "arith": 3,
    "random": 20,
    "self": 1
  },
  "entanglement_score": 0.002346336841583252,
  "avg_cosine_same_sample": 0.8154247999191284,
  "avg_cosine_cross_sample": 0.8130784630775452,
  "svs_task_top20": [
    53828.3984375,
    171.28086853027344,
    105.06294250488281,
    70.14958953857422,
    23.488353729248047,
    12.919249534606934,
    10.209856986999512,
    9.780207633972168,
    8.335074424743652,
    7.243844509124756,
    4.570977687835693,
    4.006415843963623,
    3.211759090423584,
    2.872342586517334,
    2.4799885749816895,
    2.081712245941162,
    1.642747402191162,
    1.0617254972457886,
    0.8805812001228333,
    0.45158568024635315
  ],
  "elapsed": 8.9
}