{
  "phase": "Q8",
  "name": "multilayer_bell_test",
  "num_layers": 28,
  "n_phi": 37,
  "prompt": "min(7,2)=",
  "layer_amplitudes": [
    0.029208,
    0.219028,
    0.164371,
    0.187412,
    0.219328,
    0.059597,
    0.062373,
    0.067797,
    0.49962,
    0.061878,
    0.027239,
    0.173282,
    0.039555,
    0.067154,
    0.049766,
    0.01495,
    0.04625,
    0.004768,
    0.147268,
    0.201786,
    0.032262,
    0.024554,
    0.009804,
    0.029666,
    0.140148,
    0.004223,
    3.2e-05,
    1e-06
  ],
  "peak_layer": 8,
  "peak_amplitude": 0.49962,
  "q2_baseline_amp": 0.4984,
  "top3_layers": [
    8,
    4,
    1
  ],
  "elapsed": 201.6
}