{
  "phase": "Q216",
  "name": "Barren Plateau Visualization",
  "dimensions": [
    {
      "dim": 4,
      "E_exact": -0.776594,
      "E_llm": 0.433868,
      "llm_distance": 1.210462,
      "random_energies": [
        0.548185,
        0.436108,
        0.437541,
        0.615832,
        0.49836,
        0.354408,
        0.500348,
        0.636277,
        0.316531,
        0.585093,
        0.431514,
        0.524133,
        0.464245,
        0.443961,
        0.472401,
        0.505316,
        0.503224,
        0.561416,
        0.729057,
        0.400337,
        0.320585,
        0.406647,
        0.476125,
        0.40914,
        0.432446,
        0.382639,
        0.352164,
        0.575729,
        0.463622,
        0.483594,
        0.296789,
        0.512489,
        0.542334,
        0.614513,
        0.321353,
        0.543925,
        0.538204,
        0.43976,
        0.364647,
        0.573064,
        0.33191,
        0.587363,
        0.475338,
        0.465219,
        0.630921,
        0.523376,
        0.409986,
        0.522251,
        0.457022,
        0.353449
      ],
      "random_avg_distance": 1.252012,
      "gradient_llm": 4.672815,
      "gradient_random_avg": 6.459472,
      "gradient_ratio": 0.7234,
      "landscape": [
        [
          -1.0,
          0.4078572690486908
        ],
        [
          -0.8947368421052632,
          0.395488440990448
        ],
        [
          -0.7894736842105263,
          0.3934464156627655
        ],
        [
          -0.6842105263157895,
          0.3954956531524658
        ],
        [
          -0.5789473684210527,
          0.40014785528182983
        ],
        [
          -0.4736842105263158,
          0.4065324366092682
        ],
        [
          -0.368421052631579,
          0.41366633772850037
        ],
        [
          -0.26315789473684215,
          0.42068174481391907
        ],
        [
          -0.1578947368421053,
          0.42695799469947815
        ],
        [
          -0.052631578947368474,
          0.4319779872894287
        ],
        [
          0.05263157894736836,
          0.43527692556381226
        ],
        [
          0.1578947368421053,
          0.4364994764328003
        ],
        [
          0.26315789473684204,
          0.43555784225463867
        ],
        [
          0.36842105263157876,
          0.43287548422813416
        ],
        [
          0.4736842105263157,
          0.42936742305755615
        ],
        [
          0.5789473684210527,
          0.4260432720184326
        ],
        [
          0.6842105263157894,
          0.4237428307533264
        ],
        [
          0.7894736842105261,
          0.4231565594673157
        ],
        [
          0.894736842105263,
          0.424754798412323
        ],
        [
          1.0,
          0.4286077320575714
        ]
      ]
    },
    {
      "dim": 16,
      "E_exact": -1.78828,
      "E_llm": -0.623666,
      "llm_distance": 1.164614,
      "random_energies": [
        -0.132602,
        -0.521335,
        -0.417809,
        -0.407391,
        -0.021423,
        -0.351085,
        -0.329596,
        -0.329433,
        -0.473681,
        -0.486285,
        -0.72626,
        -0.118276,
        -0.431059,
        -0.483448,
        -0.605343,
        0.067103,
        -0.39866,
        -0.0353,
        -0.563139,
        -0.542763,
        -0.267377,
        -0.610028,
        -0.348021,
        -0.494854,
        -0.122678,
        -0.511531,
        -0.208718,
        -0.478605,
        -0.266111,
        -0.608182,
        -0.166236,
        -0.638679,
        -0.089126,
        -0.478854,
        -0.501809,
        -0.275574,
        -0.141557,
        -0.333951,
        -0.516256,
        -0.282923,
        -0.818095,
        -0.325854,
        -0.212545,
        -0.388256,
        -0.299756,
        -0.284581,
        -0.185863,
        -0.179036,
        -0.637426,
        -0.111434
      ],
      "random_avg_distance": 1.426446,
      "gradient_llm": 6.621611,
      "gradient_random_avg": 10.261364,
      "gradient_ratio": 0.6453,
      "landscape": [
        [
          -1.0,
          -0.5457971096038818
        ],
        [
          -0.8947368421052632,
          -0.5558902025222778
        ],
        [
          -0.7894736842105263,
          -0.5713432431221008
        ],
        [
          -0.6842105263157895,
          -0.5874273180961609
        ],
        [
          -0.5789473684210527,
          -0.6016203165054321
        ],
        [
          -0.4736842105263158,
          -0.6131937503814697
        ],
        [
          -0.368421052631579,
          -0.6218518018722534
        ],
        [
          -0.26315789473684215,
          -0.6270360350608826
        ],
        [
          -0.1578947368421053,
          -0.6282808780670166
        ],
        [
          -0.052631578947368474,
          -0.6259257793426514
        ],
        [
          0.05263157894736836,
          -0.6208227872848511
        ],
        [
          0.1578947368421053,
          -0.6136775612831116
        ],
        [
          0.26315789473684204,
          -0.6046932935714722
        ],
        [
          0.36842105263157876,
          -0.5932700634002686
        ],
        [
          0.4736842105263157,
          -0.5782232284545898
        ],
        [
          0.5789473684210527,
          -0.558923602104187
        ],
        [
          0.6842105263157894,
          -0.5360074639320374
        ],
        [
          0.7894736842105261,
          -0.5110437870025635
        ],
        [
          0.894736842105263,
          -0.48605436086654663
        ],
        [
          1.0,
          -0.46302253007888794
        ]
      ]
    },
    {
      "dim": 64,
      "E_exact": -3.271453,
      "E_llm": -0.08628,
      "llm_distance": 3.185173,
      "random_energies": [
        0.092735,
        -0.189984,
        -0.500466,
        -0.029604,
        0.214023,
        -0.126097,
        -0.08366,
        0.120276,
        -0.159441,
        0.035415,
        -0.548205,
        0.313512,
        -0.298884,
        -0.007598,
        0.591764,
        -0.112728,
        -0.24247,
        0.037063,
        0.233635,
        0.075182,
        0.003434,
        -0.005013,
        0.081282,
        -0.079619,
        0.2439,
        -0.033029,
        -0.129181,
        -0.068469,
        -0.097351,
        -0.243045,
        -0.102878,
        -0.68461,
        0.068802,
        -0.326247,
        0.415308,
        -0.172191,
        -0.276471,
        -0.220329,
        -0.155068,
        -0.104938,
        -0.2833,
        -0.202445,
        -0.068353,
        -0.021727,
        0.216386,
        0.120717,
        -0.026524,
        -0.38184,
        0.29933,
        0.067405
      ],
      "random_avg_distance": 3.216421,
      "gradient_llm": 9.175668,
      "gradient_random_avg": 12.693976,
      "gradient_ratio": 0.7228,