{
  "phase": "Q117",
  "name": "Semantic VQE (Room-Temperature Quantum Chemistry)",
  "h2_dissociation": {
    "bond_lengths": [
      0.3,
      0.4,
      0.5,
      0.6,
      0.7,
      0.8,
      0.9,
      1.0,
      1.1,
      1.2,
      1.3,
      1.4,
      1.5,
      1.6,
      1.7,
      1.8,
      1.9,
      2.0,
      2.1,
      2.2,
      2.3,
      2.4
    ],
    "exact_energies": [
      -1.701082,
      -1.696115,
      -1.685288,
      -1.668617,
      -1.646119,
      -1.617813,
      -1.583721,
      -1.54387,
      -1.49829,
      -1.447013,
      -1.390082,
      -1.32754,
      -1.259444,
      -1.185854,
      -1.106845,
      -1.022501,
      -0.932921,
      -0.838218,
      -0.738523,
      -0.633983,
      -0.524759,
      -0.411029
    ],
    "sqbit_energies": [
      -0.445795,
      -0.459152,
      -0.508316,
      -0.492442,
      -0.604398,
      -0.529234,
      -0.526265,
      -0.548004,
      -0.483554,
      -0.383136,
      -0.377044,
      -0.340048,
      -0.222518,
      -0.206193,
      -0.249519,
      -0.162169,
      -0.086337,
      0.056661,
      0.202298,
      0.279473,
      0.360896,
      0.42514
    ],
    "errors_ha": [
      1.255287,
      1.236962,
      1.176972,
      1.176175,
      1.04172,
      1.088579,
      1.057456,
      0.995866,
      1.014736,
      1.063877,
      1.013037,
      0.987492,
      1.036926,
      0.979661,
      0.857326,
      0.860332,
      0.846584,
      0.894879,
      0.940821,
      0.913456,
      0.885655,
      0.836169
    ],
    "mean_error_ha": 1.007271,
    "max_error_ha": 1.255287,
    "chem_accuracy_count": 0
  },
  "molecules": [
    {
      "molecule": "H2 (eq)",
      "bond_length": 0.74,
      "exact_energy": -1.635492,
      "sqbit_energy": -0.911636,
      "error_ha": 0.723856,
      "error_mha": 723.86,
      "chemical_accuracy": "False"
    },
    {
      "molecule": "H2 (stretched)",
      "bond_length": 1.5,
      "exact_energy": -1.259444,
      "sqbit_energy": -0.574611,
      "error_ha": 0.684833,
      "error_mha": 684.83,
      "chemical_accuracy": "False"
    },
    {
      "molecule": "HeH+",
      "bond_length": 0.93,
      "exact_energy": -1.572369,
      "sqbit_energy": -1.103826,
      "error_ha": 0.468543,
      "error_mha": 468.54,
      "chemical_accuracy": "False"
    }
  ],
  "mean_time_ms": 52.78,
  "elapsed": 3.61
}