{
  "phase": "Q120",
  "name": "Improved VQE with Variational Optimization",
  "bond_lengths": [
    0.3,
    0.45,
    0.6,
    0.75,
    0.9,
    1.05,
    1.2,
    1.35,
    1.5,
    1.65,
    1.8,
    1.95,
    2.1,
    2.25,
    2.4
  ],
  "exact_energies": [
    -1.701082,
    -1.691433,
    -1.668617,
    -1.63269,
    -1.583721,
    -1.521794,
    -1.447013,
    -1.359509,
    -1.259444,
    -1.147022,
    -1.022501,
    -0.886202,
    -0.738523,
    -0.579945,
    -0.411029
  ],
  "naive_energies": [
    -0.461679,
    -0.499974,
    -0.546534,
    -0.551546,
    -0.563792,
    -0.596494,
    -0.571447,
    -0.517408,
    -0.496268,
    -0.416611,
    -0.347982,
    -0.241052,
    -0.166919,
    -0.047704,
    0.078637
  ],
  "improved_energies": [
    -1.700438,
    -1.691136,
    -1.668313,
    -1.632511,
    -1.58277,
    -1.521624,
    -1.446083,
    -1.359459,
    -1.25756,
    -1.146538,
    -1.02221,
    -0.88569,
    -0.738061,
    -0.579882,
    -0.409938
  ],
  "naive_mean_error_mha": 846.92,
  "improved_mean_error_mha": 0.55,
  "improvement_factor": 1528.3,
  "chem_accuracy_naive": 0,
  "chem_accuracy_improved": 14,
  "total_points": 15,
  "elapsed": 3.71
}