{
  "phase": "Q206",
  "name": "Renormalization Group Isomorphism",
  "coarsegraining": {
    "decay_rate_alpha": 0.0038,
    "r_squared": 0.0028,
    "avg_ranks": [
      7.77,
      7.75,
      1.08,
      1.05,
      1.05,
      1.06,
      1.06,
      1.06,
      1.07,
      1.07,
      1.07,
      1.07,
      1.07,
      1.07,
      1.08,
      1.08,
      1.08,
      1.08,
      1.09,
      1.09,
      1.11,
      1.12,
      1.13,
      1.16,
      1.19,
      1.24,
      1.27,
      4.68,
      4.32
    ],
    "avg_entropies": [
      13.22,
      12.94,
      9.6,
      8.48,
      8.5,
      8.59,
      8.55,
      8.59,
      8.61,
      8.62,
      8.65,
      8.64,
      8.63,
      8.63,
      8.65,
      8.63,
      8.64,
      8.66,
      8.73,
      8.81,
      8.94,
      9.1,
      9.34,
      9.62,
      9.91,
      10.21,
      10.39,
      12.87,
      12.64
    ]
  },
  "mi_scaling": {
    "power_law_gamma": 0.1124,
    "r_squared": 0.7039,
    "mi_vs_distance": [
      [
        1,
        1.8363888865688753
      ],
      [
        2,
        1.6744463821900604
      ],
      [
        3,
        1.6456025174265134
      ],
      [
        4,
        1.4710424967789646
      ],
      [
        5,
        1.4339766661863007
      ],
      [
        6,
        1.5160394394241419
      ],
      [
        7,
        1.3318750377355482
      ],
      [
        8,
        1.4208318668826925
      ],
      [
        9,
        1.461481445638583
      ],
      [
        10,
        1.4624118272348936
      ],
      [
        11,
        1.4313464133597475
      ],
      [
        12,
        1.4012049779143292
      ],
      [
        13,
        1.298376491224409
      ],
      [
        14,
        1.1172292490864169
      ],
      [
        15,
        1.3683025324955833
      ],
      [
        16,
        1.3301332178785754
      ],
      [
        17,
        1.2841111230302165
      ],
      [
        18,
        1.3989306614553583
      ],
      [
        19,
        1.3467882293267617
      ]
    ]
  },
  "summary": {
    "is_mera": false,
    "verdict": "PARTIAL MATCH: alpha=0.004, gamma=0.112 (needs stronger decay)"
  },
  "elapsed": 9.53
}