{
  "phase": "Q190",
  "name": "Quantum Error Correction Code",
  "hidden_size": 1536,
  "noise_levels": [
    0.0,
    0.01,
    0.05,
    0.1,
    0.2,
    0.3,
    0.5
  ],
  "results": {
    "gaussian": [
      0.9999999421749909,
      0.9999999561121065,
      0.9994718151134643,
      0.9998138829082371,
      0.9998493507774727,
      0.9999714517677066,
      0.9997408008500448
    ],
    "bit_flip": [
      0.9999999435056377,
      0.9999999536200856,
      0.9999999413629403,
      0.9999999559260708,
      0.9999788059417073,
      0.9999529573046468,
      0.9996405745776398
    ],
    "phase_flip": [
      0.9999999436482063,
      0.9999999481710926,
      0.9999999539424156,
      0.9999999545407215,
      0.9999566994704379,
      0.999954739642055,
      0.9996104226910323
    ],
    "erasure": [
      0.9999999430140593,
      0.9999999467877073,
      0.9999999645976168,
      0.9999999721896687,
      0.9999999600327438,
      0.9999999496913421,
      0.9999998730655898
    ],
    "adversarial": [
      0.9999999421749909,
      0.9999999347944545,
      0.9999999427287106,
      0.9999998955541466,
      0.999999925710631,
      0.9999999408365203,
      0.9999999713040795
    ]
  },
  "physical_comparison": [
    1.0,
    0.9048374180359595,
    0.6065306597126334,
    0.36787944117144233,
    0.1353352832366127,
    0.049787068367863944,
    0.006737946999085467
  ],
  "thresholds": {
    "gaussian": 0.5,
    "bit_flip": 0.5,
    "phase_flip": 0.5,
    "erasure": 0.5,
    "adversarial": 0.5
  },
  "summary": {
    "avg_noise_threshold": 0.5,
    "improvement_over_physical": 5.0,
    "verdict": "STRONG ERROR CORRECTION: 1536-dim code survives up to 50% noise"
  },
  "elapsed": 144.18
}