{
  "phase": "Q194",
  "name": "Extreme Noise Resilience",
  "hidden_size": 1536,
  "noise_levels": [
    0.0,
    0.1,
    0.2,
    0.3,
    0.5,
    0.6,
    0.7,
    0.8,
    0.9,
    0.95,
    0.99
  ],
  "results": {
    "erasure": [
      0.9999999355693066,
      0.9999999155654689,
      0.9999999739496032,
      0.999999984367629,
      0.9999956967413526,
      0.9999725850732449,
      0.9999937493068038,
      0.9999187502250237,
      0.999542380146828,
      0.9991785785815381,
      0.9987768032756568
    ],
    "gaussian": [
      0.9999999421749909,
      0.9993908670659735,
      0.999732935009136,
      0.9998562496714204,
      0.9991109250784318,
      0.9998851243580715,
      0.9994948408329348,
      0.9993587941160348,
      0.9998536134113605,
      0.999041400103272,
      0.996079007785216
    ],
    "replacement": [
      0.9999999340352568,
      0.9999999646752625,
      0.9999999254193064,
      0.9999991984700152,
      0.999989347282928,
      0.9997809006738063,
      0.9999154888807953,
      0.9998563444317199,
      0.9994391283526248,
      0.9996907745678015,
      0.9998428028648793
    ],
    "shuffle": [
      0.9999999453594187,
      0.9999999564047416,
      0.9999997540523676,
      0.9999917196566834,
      0.9997979986965783,
      0.9999808377235777,
      0.9999011932473586,
      0.9996907008961875,
      0.9998162509534364,
      0.9998951611809254,
      0.9995526385500518
    ],
    "correlated": [
      0.9999999421749909,
      0.9999999482838542,
      0.9999999104653228,
      0.999999939594751,
      0.999999936777388,
      0.9999999543825769,
      0.9999999391628058,
      0.9999999144027603,
      0.9999996419723001,
      0.9999996166815788,
      0.9999995586920442
    ],
    "quantize": [
      0.9999999421745557,
      0.9999999498405086,
      0.9999999191775784,
      0.9999999594654201,
      0.9999991540895163,
      0.9999991540895163,
      0.9999991540895163,
      0.9999991540895163,
      0.9999991540895163,
      0.9999991540895163,
      0.9999991540895163
    ]
  },
  "breaking_points": {
    "erasure": 0.99,
    "gaussian": 0.99,
    "replacement": 0.99,
    "shuffle": 0.99,
    "correlated": 0.99,
    "quantize": 0.99
  },
  "summary": {
    "avg_breaking_point": 0.99,
    "n_invincible": 6,
    "verdict": "INVINCIBLE: V>0.5 at 99% noise for ALL 6 noise types"
  },
  "elapsed": 230.56
}