{
  "phase": "Q102",
  "name": "Hippocampal Bridge",
  "separation_ratio": 0.7436208170495228,
  "has_separation": "False",
  "firing_layers": [
    18,
    22,
    23,
    24,
    25,
    26,
    27
  ],
  "separation_data": {
    "0": {
      "similarities": [
        0.3137482702732086,
        0.9972361326217651,
        0.9996105432510376,
        0.4604931175708771,
        0.14479106664657593
      ],
      "mean_similarity": 0.5831758260726929
    },
    "2": {
      "similarities": [
        0.4139254689216614,
        0.998490035533905,
        0.9990984797477722,
        0.7107530236244202,
        0.21873615682125092
      ],
      "mean_similarity": 0.6682006329298019
    },
    "4": {
      "similarities": [
        0.45658355951309204,
        0.9938809275627136,
        0.9947742223739624,
        0.6528992056846619,
        0.2252388596534729
      ],
      "mean_similarity": 0.6646753549575806
    },
    "6": {
      "similarities": [
        0.4762882888317108,
        0.9931909441947937,
        0.9969725608825684,
        0.7444537878036499,
        0.2755061984062195
      ],
      "mean_similarity": 0.6972823560237884
    },
    "8": {
      "similarities": [
        0.5099098682403564,
        0.9922139048576355,
        0.9964633584022522,
        0.7776101231575012,
        0.2992537319660187
      ],
      "mean_similarity": 0.7150901973247528
    },
    "10": {
      "similarities": [
        0.5554091334342957,
        0.9921322464942932,
        0.9966784119606018,
        0.8001792430877686,
        0.38630300760269165
      ],
      "mean_similarity": 0.7461404085159302
    },
    "12": {
      "similarities": [
        0.5234646797180176,
        0.9920067191123962,
        0.9964730739593506,
        0.8200685381889343,
        0.33792418241500854
      ],
      "mean_similarity": 0.7339874386787415
    },
    "14": {
      "similarities": [
        0.5549734830856323,
        0.9898901581764221,
        0.9965264797210693,
        0.8023011684417725,
        0.42550161480903625
      ],
      "mean_similarity": 0.7538385808467865
    },
    "16": {
      "similarities": [
        0.6491369605064392,
        0.9909214377403259,
        0.9968230128288269,
        0.8664361238479614,
        0.4758687913417816
      ],
      "mean_similarity": 0.795837265253067
    },
    "18": {
      "similarities": [
        0.7261049151420593,
        0.9920074343681335,
        0.9972817301750183,
        0.8933718800544739,
        0.5176988244056702
      ],
      "mean_similarity": 0.825292956829071
    },
    "20": {
      "similarities": [
        0.7618984580039978,
        0.9943825006484985,
        0.9973188042640686,
        0.8923220038414001,
        0.5395777225494385
      ],
      "mean_similarity": 0.8370998978614808
    },
    "22": {
      "similarities": [
        0.8500252366065979,
        0.9937353134155273,
        0.9983105063438416,
        0.9234857559204102,
        0.6150780916213989
      ],
      "mean_similarity": 0.8761269807815552
    },
    "24": {
      "similarities": [
        0.9063801765441895,
        0.9915553331375122,
        0.9988672733306885,
        0.9468011260032654,
        0.7261327505111694
      ],
      "mean_similarity": 0.913947331905365
    },
    "26": {
      "similarities": [
        0.9386215209960938,
        0.9932361841201782,
        0.9991206526756287,
        0.9658202528953552,
        0.8054719567298889
      ],
      "mean_similarity": 0.940454113483429
    }
  },
  "phase_data": [
    {
      "layer": 0,
      "cosine": 0.20520511269569397,
      "phase_angle": 1.3641231060028076,
      "dg_firing": false
    },
    {
      "layer": 1,
      "cosine": 0.25342342257499695,
      "phase_angle": 1.3145787715911865,
      "dg_firing": false
    },
    {
      "layer": 2,
      "cosine": 0.16723304986953735,
      "phase_angle": 1.4027738571166992,
      "dg_firing": false
    },
    {
      "layer": 3,
      "cosine": 0.1685560643672943,
      "phase_angle": 1.401431679725647,
      "dg_firing": false
    },
    {
      "layer": 4,
      "cosine": 0.2113771289587021,
      "phase_angle": 1.3578126430511475,
      "dg_firing": false
    },
    {
      "layer": 5,
      "cosine": 0.2357025444507599,
      "phase_angle": 1.3328548669815063,
      "dg_firing": false
    },
    {
      "layer": 6,
      "cosine": 0.2877262234687805,
      "phase_angle": 1.278944492340088,
      "dg_firing": false
    },
    {
      "layer": 7,
      "cosine": 0.2976093292236328,
      "phase_angle": 1.268608808517456,
      "dg_firing": false
    },
    {
      "layer": 8,
      "cosine": 0.33151373267173767,
      "phase_angle": 1.2328886985778809,
      "dg_firing": false
    },
    {
      "layer": 9,
      "cosine": 0.36107558012008667,
      "phase_angle": 1.2013752460479736,
      "dg_firing": false
    },
    {
      "layer": 10,
      "cosine": 0.3821617662906647,
      "phase_angle": 1.178661823272705,
      "dg_firing": false
    },
    {
      "layer": 11,
      "cosine": 0.3815104365348816,
      "phase_angle": 1.1793665885925293,
      "dg_firing": false
    },
    {
      "layer": 12,
      "cosine": 0.37583914399147034,
      "phase_angle": 1.1854941844940186,
      "dg_firing": false
    },
    {
      "layer": 13,
      "cosine": 0.42007333040237427,
      "phase_angle": 1.137270212173462,
      "dg_firing": false
    },
    {
      "layer": 14,
      "cosine": 0.41518935561180115,
      "phase_angle": 1.1426453590393066,
      "dg_firing": false
    },
    {
      "layer": 15,
      "cosine": 0.47016942501068115,
      "phase_angle": 1.0813136100769043,
      "dg_firing": false
    },
    {
      "layer": 16,
      "cosine": 0.4491729140281677,
      "phase_angle": 1.1049569845199585,
      "dg_firing": false
    },
    {
      "layer": 17,
      "cosine": 0.45655161142349243,
      "phase_angle": 1.0966808795928955,
      "dg_firing": false
    },
    {
      "layer": 18,
      "cosine": 0.5150747299194336,
      "phase_angle": 1.0297014713287354,
      "dg_firing": true
    },
    {
      "layer": 19,
      "cosine": 0.4562104642391205,
      "phase_angle": 1.0970643758773804,
      "dg_firing": false
    },
    {
      "layer": 20,
      "cosine": 0.43677037954330444,
      "phase_angle": 1.1187909841537476,
      "dg_firing": false
    },
    {
      "layer": 21,
      "cosine": 0.4661200940608978,
      "phase_angle": 1.0858961343765259,
      "dg_firing": false
    },
    {
      "layer": 22,
      "cosine": 0.5481513142585754,
      "phase_angle": 0.9906440377235413,
      "dg_firing": true
    },
    {
      "layer": 23,
      "cosine": 0.6069841384887695,
      "phase_angle": 0.9185361862182617,
      "dg_firing": true
    },
    {
      "layer": 24,
      "cosine": 0.6877561807632446,
      "phase_angle": 0.8124027252197266,
      "dg_firing": true
    },
    {
      "layer": 25,
      "cosine": 0.7232043147087097,
      "phase_angle": 0.7623655200004578,
      "dg_firing": true
    },
    {
      "layer": 26,
      "cosine": 0.7874504923820496,
      "phase_angle": 0.6641346216201782,
      "dg_firing": true
    },
    {
      "layer": 27,
      "cosine": 0.7624152302742004,
      "phase_angle": 0.7037588953971863,
      "dg_firing": true
    }
  ],
  "elapsed": 11.897791385650635
}