{
  "phase": "Q98",
  "name": "Emergent Quantum Gravity",
  "metric_profile": [
    130.33169301350912,
    444.6264902750651,
    281.82069905598956,
    449.2869567871094,
    371.7451477050781,
    472.77842203776044,
    485.19748942057294,
    538.1443583170573,
    505.08062744140625,
    445.2234598795573,
    444.0689697265625,
    307.82471720377606,
    389.4091491699219,
    291.8430938720703,
    297.3836669921875,
    270.92498270670575,
    333.68393961588544,
    491.3420817057292,
    822.1637166341146,
    975.5774332682291,
    2094.89501953125,
    2605.2977701822915,
    2864.056884765625,
    5948.910074869792,
    6568.104817708333,
    11042.971354166666,
    39322.100260416664
  ],
  "geodesic": [
    11.411369338581855,
    31.772924144275844,
    48.50268523393092,
    69.67323537371722,
    88.65887537581675,
    110.2839910190766,
    132.0076839583023,
    154.82988934403681,
    177.1001635814166,
    197.71219930101856,
    218.67569237992222,
    236.1660335073875,
    255.72445018250232,
    272.59831919362523,
    289.66770084850924,
    306.0524495133629,
    324.3005467642817,
    346.4153106291123,
    375.07216642151553,
    406.06918599551364,
    451.6916711734246,
    502.4684583290935,
    555.4089733733639,
    631.7924073723079,
    710.9513775180382,
    813.5753731801077,
    1011.4245168052815
  ],
  "einstein_results": {
    "curvature_mean": 1251.7268353450445,
    "stress_energy_mean": 2933.1404917210707,
    "einstein_correlation": 0.8062769078692519,
    "gravity_emergent": "True"
  },
  "elapsed": 7.073752164840698
}