{
  "phase": "Q210",
  "name": "Entanglement Quantification",
  "layer_data": {
    "0": {
      "negativity": 0.080782,
      "log_negativity": 0.21432,
      "concurrence": 0.161564,
      "ent_entropy": 0.6967
    },
    "2": {
      "negativity": 0.025762,
      "log_negativity": 0.067587,
      "concurrence": 0.051525,
      "ent_entropy": 0.6438
    },
    "4": {
      "negativity": 0.072411,
      "log_negativity": 0.180136,
      "concurrence": 0.144823,
      "ent_entropy": 0.7023
    },
    "6": {
      "negativity": 0.103883,
      "log_negativity": 0.25785,
      "concurrence": 0.207766,
      "ent_entropy": 0.7421
    },
    "8": {
      "negativity": 0.045897,
      "log_negativity": 0.121341,
      "concurrence": 0.091794,
      "ent_entropy": 0.6594
    },
    "10": {
      "negativity": 0.096726,
      "log_negativity": 0.235622,
      "concurrence": 0.193451,
      "ent_entropy": 0.7326
    },
    "12": {
      "negativity": 0.137593,
      "log_negativity": 0.325154,
      "concurrence": 0.275185,
      "ent_entropy": 0.8012
    },
    "14": {
      "negativity": 0.093088,
      "log_negativity": 0.228849,
      "concurrence": 0.186175,
      "ent_entropy": 0.7292
    },
    "16": {
      "negativity": 0.052232,
      "log_negativity": 0.125928,
      "concurrence": 0.104465,
      "ent_entropy": 0.6798
    },
    "18": {
      "negativity": 0.113099,
      "log_negativity": 0.282703,
      "concurrence": 0.226198,
      "ent_entropy": 0.7482
    },
    "20": {
      "negativity": 0.159033,
      "log_negativity": 0.383058,
      "concurrence": 0.318066,
      "ent_entropy": 0.8183
    },
    "22": {
      "negativity": 0.102502,
      "log_negativity": 0.248018,
      "concurrence": 0.205004,
      "ent_entropy": 0.7448
    },
    "24": {
      "negativity": 0.200418,
      "log_negativity": 0.47755,
      "concurrence": 0.400836,
      "ent_entropy": 0.8746
    },
    "26": {
      "negativity": 0.133704,
      "log_negativity": 0.327482,
      "concurrence": 0.267409,
      "ent_entropy": 0.7802
    },
    "28": {
      "negativity": 0.020742,
      "log_negativity": 0.057476,
      "concurrence": 0.041484,
      "ent_entropy": 0.6406
    }
  },
  "per_prompt": {
    "quantum entanglement between t": [
      {
        "negativity": 0.036495,
        "log_negativity": 0.101636,
        "purity": 0.6175,
        "vn_entropy": 1.1258,
        "entanglement_entropy": 0.6536,
        "concurrence": 0.072989,
        "layer": 0
      },
      {
        "negativity": 0.0,
        "log_negativity": 0.0,
        "purity": 0.6175,
        "vn_entropy": 1.1258,
        "entanglement_entropy": 0.6115,
        "concurrence": 0.0,
        "layer": 2
      },
      {
        "negativity": 0.04893,
        "log_negativity": 0.134694,
        "purity": 0.6175,
        "vn_entropy": 1.1258,
        "entanglement_entropy": 0.6638,
        "concurrence": 0.09786,
        "layer": 4
      },
      {
        "negativity": 0.259092,
        "log_negativity": 0.602347,
        "purity": 0.6175,
        "vn_entropy": 1.1258,
        "entanglement_entropy": 0.9684,
        "concurrence": 0.518185,
        "layer": 6
      },
      {
        "negativity": 0.076431,
        "log_negativity": 0.20522,
        "purity": 0.6175,
        "vn_entropy": 1.1258,
        "entanglement_entropy": 0.6897,
        "concurrence": 0.152862,
        "layer": 8
      },
      {
        "negativity": 0.173093,
        "log_negativity": 0.428878,
        "purity": 0.6175,
        "vn_entropy": 1.1258,
        "entanglement_entropy": 0.8162,
        "concurrence": 0.346186,
        "layer": 10
      },
      {
        "negativity": 0.267695,
        "log_negativity": 0.618605,
        "purity": 0.6175,
        "vn_entropy": 1.1258,
        "entanglement_entropy": 0.9853,
        "concurrence": 0.535389,
        "layer": 12
      },
      {
        "negativity": 0.101986,
        "log_negativity": 0.267802,
        "purity": 0.6175,
        "vn_entropy": 1.1258,
        "entanglement_entropy": 0.718,
        "concurrence": 0.203972,
        "layer": 14
      },
      {
        "negativity": 0.0,
        "log_negativity": 0.0,
        "purity": 0.6175,
        "vn_entropy": 1.1258,
        "entanglement_entropy": 0.6106,
        "concurrence": 0.0,
        "layer": 16
      },
      {
        "negativity": 0.124302,
        "log_negativity": 0.320316,
        "purity": 0.6175,
        "vn_entropy": 1.1258,
        "entanglement_entropy": 0.7458,
        "concurrence": 0.248604,
        "layer": 18
      },
      {
        "negativity": 0.243179,
        "log_negativity": 0.571781,
        "purity": 0.6175,
        "vn_entropy": 1.1258,
        "entanglement_entropy": 0.9377,
        "concurrence": 0.486357,
        "layer": 20
      },
      {
        "negativity": 0.108437,
        "log_negativity": 0.28318,
        "purity": 0.6175,
        "vn_entropy": 1.1258,
        "entanglement_entropy": 0.7258,
        "concurrence": 0.216874,
        "layer": 22
      },
      {
        "negativity": 0.253364,
        "log_negativity": 0.591418,
        "purity": 0.6175,
        "vn_entropy": 1.1258,
        "entanglement_entropy": 0.9572,
        "concurrence": 0.506727,
        "layer": 24
      },
      {
        "negativity": 0.101468,
        "log_negativity": 0.266561,
        "purity": 0.6175,
        "vn_entropy": 1.1258,
        "entanglement_entropy": 0.7174,
        "concurrence": 0.202937,
        "layer": 26
      },
      {
        "negativity": 0.0,
        "log_negativity": 0.0,
        "purity": 0.6175,
        "vn_entropy": 1.1258,
        "entanglement_entropy": 0.6239,
        "concurrence": 0.0,
        "layer": 28
      }
    ],
    "Bell state maximally entangled": [
      {
        "negativity": 0.076451,
        "log_negativity": 0.205271,
        "purity": 0.6175,
        "vn_entropy": 1.1258,
        "entanglement_entropy": 0.6897,
        "concurrence": 0.152903,
        "layer": 0
      },
      {
        "negativity": 0.0,
        "log_negativity": 0.0,
        "purity": 0.6175,
        "vn_entropy": 1.1258,
        "entanglement_entropy": 0.6161,
        "concurrence": 0.0,
        "layer": 2
      },
      {
        "negativity": 0.218405,
        "log_negativity": 0.522869,
        "purity": 0.6175,
        "vn_entropy": 1.1258,
        "entanglement_entropy": 0.8922,
        "concurrence": 0.43681,
        "layer": 4
      },
      {
        "negativity": 0.061254,
        "log_negativity": 0.166727,
        "purity": 0.6175,
        "vn_entropy": 1.1258,
        "entanglement_entropy": 0.6748,
        "concurrence": 0.122509,
        "layer": 6
      },
      {
        "negativity": 0.107158,
        "log_negativity": 0.280144,
        "purity": 0.6175,
        "vn_entropy": 1.1258,
        "entanglement_entropy": 0.7242,
        "concurrence": 0.214316,
        "layer": 8
      },
      {
        "negativity": 0.21381,
        "log_negativity": 0.513611,
        "purity": 0.6175,
        "vn_entropy": 1.1258,
        "entanglement_entropy": 0.8841,
        "concurrence": 0.427619,
        "layer": 10
      },
      {
        "negativity": 0.242434,
        "log_negativity": 0.570334,
        "purity": 0.6175,
        "vn_entropy": 1.1258,
        "entanglement_entropy": 0.9363,
        "concurrence": 0.484867,
        "layer": 12
      },
      {
        "negativity": 0.243892,
        "log_negativity": 0.573165,
        "purity": 0.6175,
        "vn_entropy": 1.1258,
        "entanglement_entropy": 0.9391,
        "concurrence": 0.487784,
        "layer": 14
      },
      {
        "negativity": 0.20893,
        "log_negativity": 0.503714,
        "purity": 0.6175,
        "vn_entropy": 1.1258,
        "entanglement_entropy": 0.8755,
        "concurrence": 0.417859,
        "layer": 16
      },
      {
        "negativity": 0.216335,
        "log_negativity": 0.518707,
        "purity": 0.6175,
        "vn_entropy": 1.1258,