{
  "phase": "Q11",
  "name": "chsh_bell_inequality",
  "inject_layer": 8,
  "n_phi_fine": 73,
  "E_phi": [
    0.998622,
    0.991479,
    0.212955,
    0.04294,
    0.002354,
    0.001463,
    0.001144,
    0.004492,
    0.017824,
    0.045566,
    0.006192,
    0.00947,
    6.5e-05,
    0.001037,
    0.001929,
    0.061088,
    -0.974161,
    -0.999915,
    -0.996432,
    -0.949622,
    -0.034651,
    0.020661,
    0.015818,
    0.012119,
    0.011139,
    0.009908,
    0.005425,
    0.007293,
    0.008892,
    0.00086,
    7.8e-05,
    6.6e-05,
    0.00208,
    0.015374,
    0.004475,
    0.016805,
    0.013167,
    0.008039,
    0.006414,
    0.02666,
    0.191185,
    0.346391,
    0.109515,
    -0.009777,
    -0.02681,
    -0.116018,
    -0.168124,
    -0.073406,
    0.003372,
    0.014043,
    0.003641,
    -0.010963,
    -0.002008,
    0.023983,
    0.025299,
    0.01822,
    0.010387,
    -0.002018,
    -0.00175,
    0.000509,
    0.000657,
    0.00178,
    0.006529,
    0.012111,
    0.023797,
    0.093353,
    0.267785,
    0.529909,
    0.747068,
    0.871173,
    0.950506,
    0.992288,
    0.998622
  ],
  "P_min_phi": [
    0.999258,
    0.992697,
    0.271719,
    0.132792,
    0.005308,
    0.002582,
    0.001694,
    0.006782,
    0.024603,
    0.063084,
    0.009502,
    0.012218,
    0.002111,
    0.002809,
    0.003943,
    0.081546,
    0.005387,
    1.6e-05,
    1.8e-05,
    0.000853,
    0.01897,
    0.036914,
    0.03755,
    0.022969,
    0.018309,
    0.011251,
    0.00579,
    0.00761,
    0.00907,
    0.000913,
    8.2e-05,
    7.2e-05,
    0.003092,
    0.017154,
    0.00481,
    0.020407,
    0.014906,
    0.009286,
    0.008132,
    0.064689,
    0.246652,
    0.419937,
    0.240001,
    0.151601,
    0.129998,
    0.100856,
    0.082719,
    0.074242,
    0.073643,
    0.060199,
    0.044213,
    0.028228,
    0.031129,
    0.054088,
    0.053482,
    0.048063,
    0.020892,
    0.004124,
    0.002926,
    0.002771,
    0.001613,
    0.003142,
    0.01006,
    0.019613,
    0.043326,
    0.161909,
    0.347869,
    0.603069,
    0.808442,
    0.919927,
    0.973768,
    0.996052,
    0.999258
  ],
  "P_max_phi": [
    0.000636,
    0.001218,
    0.058763,
    0.089852,
    0.002954,
    0.001119,
    0.00055,
    0.002289,
    0.006779,
    0.017518,
    0.003309,
    0.002748,
    0.002046,
    0.001771,
    0.002014,
    0.020458,
    0.979548,
    0.999931,
    0.99645,
    0.950475,
    0.053621,
    0.016253,
    0.021732,
    0.01085,
    0.00717,
    0.001344,
    0.000364,
    0.000317,
    0.000178,
    5.3e-05,
    4e-06,
    7e-06,
    0.001012,
    0.00178,
    0.000335,
    0.003602,
    0.001739,
    0.001247,
    0.001718,
    0.038029,
    0.055467,
    0.073546,
    0.130487,
    0.161379,
    0.156808,
    0.216874,
    0.250843,
    0.147647,
    0.070271,
    0.046156,
    0.040572,
    0.03919,
    0.033137,
    0.030104,
    0.028183,
    0.029843,
    0.010505,
    0.006142,
    0.004675,
    0.002261,
    0.000956,
    0.001362,
    0.003531,
    0.007503,
    0.019528,
    0.068557,
    0.080084,
    0.073161,
    0.061374,
    0.048754,
    0.023261,
    0.003765,
    0.000636
  ],
  "E_at_angles": {
    "a1": 0.998622,
    "a2": 0.045566,
    "b1": 0.000908,
    "b2": 0.000164,
    "a1_opt": 0.998622,
    "a2_opt": 0.045566,
    "b1_opt": 0.11165,
    "b2_opt": 0.003019
  },
  "S_std": 0.000792,
  "S_opt": 0.113706,
  "S_grid_max": 1.994491,
  "classical_bound": 2.0,
  "quantum_max": 2.828427,
  "quantum_violation_std": false,
  "quantum_violation_opt": false,
  "quantum_violation_grid": false,
  "dominant_freq": 2,
  "elapsed": 169.1
}