{
  "phase": "Q165",
  "name": "Embedding VQE for Real Molecules",
  "molecules": [
    {
      "molecule": "H2 (r=0.74)",
      "n_qubits": 4,
      "dim": 16,
      "exact_energy": -0.946341,
      "seed_error_mha": 376.3512,
      "optimized_error_mha": 0.0002,
      "random_mean_mha": 348.0821,
      "improvement": 376351.24,
      "n_steps": 300,
      "energy_history": [
        -0.56999,
        -0.740692,
        -0.887137,
        -0.937617,
        -0.945285,
        -0.945872,
        -0.946246,
        -0.946309,
        -0.946325,
        -0.946335,
        -0.94634,
        -0.946335,
        -0.946172,
        -0.946277,
        -0.946325,
        -0.946334,
        -0.946339,
        -0.946341,
        -0.946341,
        -0.946341,
        -0.946341,
        -0.946341,
        -0.946341,
        -0.946341,
        -0.946341,
        -0.946341,
        -0.946341,
        -0.946341,
        -0.946341,
        -0.946341
      ]
    },
    {
      "molecule": "LiH (r=1.60)",
      "n_qubits": 6,
      "dim": 64,
      "exact_energy": -8.254548,
      "seed_error_mha": 1862.4701,
      "optimized_error_mha": 0.0015,
      "random_mean_mha": 1887.7983,
      "improvement": 1229163.54,
      "n_steps": 300,
      "energy_history": [
        -6.392078,
        -6.877979,
        -7.106843,
        -7.185634,
        -7.907612,
        -8.123556,
        -8.198388,
        -8.229407,
        -8.244441,
        -8.251124,
        -8.253374,
        -8.254213,
        -8.254441,
        -8.254516,
        -8.254542,
        -8.254545,
        -8.254548,
        -8.254547,
        -8.254546,
        -8.254549,
        -8.254548,
        -8.254548,
        -8.254547,
        -8.254546,
        -8.249983,
        -8.254294,
        -8.254305,
        -8.254394,
        -8.254488,
        -8.254545
      ]
    },
    {
      "molecule": "BeH2 (r=1.30)",
      "n_qubits": 8,
      "dim": 256,
      "exact_energy": -13.998461,
      "seed_error_mha": 1466.8128,
      "optimized_error_mha": 8.1422,
      "random_mean_mha": 1539.9911,
      "improvement": 180.15,
      "n_steps": 500,
      "energy_history": [
        -12.531649,
        -12.672033,
        -12.847931,
        -13.049513,
        -13.15463,
        -13.248439,
        -13.307995,
        -13.366982,
        -13.400856,
        -13.436081,
        -13.42877,
        -13.464171,
        -13.48646,
        -13.405063,
        -13.476072,
        -13.528317,
        -13.550369,
        -13.51909,
        -13.580623,
        -13.604586,
        -13.575631,
        -13.634881,
        -13.638869,
        -13.661449,
        -13.67301,
        -13.731304,
        -13.707754,
        -13.736171,
        -13.796761,
        -13.829399,
        -13.837689,
        -13.822551,
        -13.878886,
        -13.834889,
        -13.849992,
        -13.897943,
        -13.927755,
        -13.943709,
        -13.870713,
        -13.956948,
        -13.947383,
        -13.961866,
        -13.97765,
        -13.974175,
        -13.980451,
        -13.985549,
        -13.982715,
        -13.960534,
        -13.967727,
        -13.982949
      ]
    }
  ],
  "elapsed": 125.65
}